<?xml version='1.0' encoding='UTF-8'?>
<?artifactRepository version='1.1.0'?>
<repository name='file:/Users/matheusmansur/AnypointStudio/workspace_6_AkzoNobel/document-db-connector/target/update-site/ - artifacts' type='org.eclipse.equinox.p2.artifact.repository.simpleRepository' version='1'>
  <properties size='2'>
    <property name='p2.timestamp' value='1480853713265'/>
    <property name='p2.compressed' value='false'/>
  </properties>
  <mappings size='3'>
    <rule filter='(&amp; (classifier=osgi.bundle))' output='${repoUrl}/plugins/${id}_${version}.jar'/>
    <rule filter='(&amp; (classifier=binary))' output='${repoUrl}/binary/${id}_${version}'/>
    <rule filter='(&amp; (classifier=org.eclipse.update.feature))' output='${repoUrl}/features/${id}_${version}.jar'/>
  </mappings>
  <artifacts size='2'>
    <artifact classifier='org.eclipse.update.feature' id='org.mule.tooling.ui.extension.document-db-connector.3.5.0' version='1.0.0.201612041315'>
      <properties size='4'>
        <property name='artifact.size' value='650'/>
        <property name='download.size' value='650'/>
        <property name='download.md5' value='1878d42db7ba3b583b752754b3a60bdf'/>
        <property name='download.contentType' value='application/zip'/>
      </properties>
    </artifact>
    <artifact classifier='osgi.bundle' id='org.mule.tooling.ui.contribution.document-db.3.5.0' version='1.0.0.201612041315'>
      <properties size='3'>
        <property name='artifact.size' value='2628858'/>
        <property name='download.size' value='2628858'/>
        <property name='download.md5' value='30c3a9a40e8c47d59e84f032b3f9a456'/>
      </properties>
    </artifact>
  </artifacts>
</repository>
